{
  "event_type": "token_usage",
  "schema_version": 1,
  "repo": "deploy-bot",
  "branch": "issue-51-feat-evolve-the-post-deploy-card-from-wh",
  "sha": null,
  "user": "Jerrod Blavos",
  "user_email": "jblavos@arqu.co",
  "timestamp": "2026-04-15T15:14:18.650Z",
  "session_id": "152365c0-c735-400a-9531-49f4777007b1",
  "pr_number": null,
  "pr_url": null,
  "models_seen": [
    "claude-haiku-4-5-20251001",
    "claude-opus-4-6",
    "claude-sonnet-4-6"
  ],
  "session_total": {
    "input": 54833,
    "output": 2242368,
    "cache_read": 886720453,
    "cache_create": 27969423,
    "est_cost_usd": 1511.1567842499999
  },
  "phases": {
    "pre-rq": {
      "tokens": 33498366,
      "cost_usd": 79.0718535
    },
    "review#1": {
      "tokens": 62844131,
      "cost_usd": 112.74185865
    },
    "dev": {
      "tokens": 107609023,
      "cost_usd": 203.009589
    },
    "review#2": {
      "tokens": 13855326,
      "cost_usd": 22.17080775
    },
    "brainstorm#1": {
      "tokens": 26929227,
      "cost_usd": 24.14818594
    },
    "review#3": {
      "tokens": 153705296,
      "cost_usd": 186.20388062
    },
    "review#4": {
      "tokens": 154722345,
      "cost_usd": 257.94878625
    },
    "brainstorm#2": {
      "tokens": 222816987,
      "cost_usd": 351.75389102
    },
    "using-rq": {
      "tokens": 40989920,
      "cost_usd": 82.96470369000001
    },
    "review#5": {
      "tokens": 58887828,
      "cost_usd": 118.51445405000001
    },
    "unknown": {
      "tokens": 41128628,
      "cost_usd": 72.62877377999999
    }
  }
}
