{
  "event_type": "token_usage",
  "schema_version": 1,
  "repo": "velvety-sprouting-marshmallow",
  "branch": "issue-434-qa-drop-in-repo-qa-symlink--rewrite-scri",
  "sha": null,
  "user": "Jerrod Blavos",
  "user_email": "jblavos@arqu.co",
  "timestamp": "2026-04-22T11:36:12.844Z",
  "session_id": "01c6982e-752a-48eb-8ee0-5804718d636b",
  "pr_number": null,
  "pr_url": null,
  "models_seen": [
    "<synthetic>",
    "claude-haiku-4-5-20251001",
    "claude-opus-4-7",
    "claude-sonnet-4-6"
  ],
  "session_total": {
    "input": 28193,
    "output": 1216940,
    "cache_read": 355483799,
    "cache_create": 19920680,
    "est_cost_usd": 305.01682345
  },
  "phases": {
    "pre-rq": {
      "tokens": 0,
      "cost_usd": null
    },
    "review#1": {
      "tokens": 718945,
      "cost_usd": 1.187615
    },
    "review#2": {
      "tokens": 44039775,
      "cost_usd": 38.70764625
    },
    "review#3": {
      "tokens": 146313045,
      "cost_usd": 130.44766835000001
    },
    "review#4": {
      "tokens": 38236701,
      "cost_usd": 35.370073010000006
    },
    "review#5": {
      "tokens": 35083209,
      "cost_usd": 27.633503189999995
    },
    "review#6": {
      "tokens": 54325076,
      "cost_usd": 33.3892886
    },
    "review#7": {
      "tokens": 3769831,
      "cost_usd": 5.1182870000000005
    },
    "review#8": {
      "tokens": 53143512,
      "cost_usd": 32.45595605
    },
    "review#9": {
      "tokens": 1019518,
      "cost_usd": 0.706786
    }
  }
}