{
  "event_type": "token_usage",
  "schema_version": 1,
  "repo": "agent-plugins",
  "branch": "main",
  "sha": null,
  "user": "Jerrod Blavos",
  "user_email": "jblavos@arqu.co",
  "timestamp": "2026-03-21T01:49:28.892Z",
  "session_id": "762d8276-028c-4923-be26-99fd45e0a265",
  "pr_number": null,
  "pr_url": null,
  "models_seen": [
    "<synthetic>",
    "claude-opus-4-6"
  ],
  "session_total": {
    "input": 8190,
    "output": 245288,
    "cache_read": 400089061,
    "cache_create": 5066526,
    "est_cost_usd": 713.650404
  },
  "phases": {
    "pre-rq": {
      "tokens": 30673719,
      "cost_usd": 61.335606750000004
    },
    "pair-build#1": {
      "tokens": 44217432,
      "cost_usd": 74.553672
    },
    "review#1": {
      "tokens": 11260803,
      "cost_usd": 17.93318925
    },
    "ship#1": {
      "tokens": 34609056,
      "cost_usd": 55.039395750000004
    },
    "ship#2": {
      "tokens": 18380127,
      "cost_usd": 34.578999
    },
    "review#2": {
      "tokens": 137367328,
      "cost_usd": 240.8118885
    },
    "pair-build#2": {
      "tokens": 15333623,
      "cost_usd": 23.90034525
    },
    "ship#3": {
      "tokens": 102551223,
      "cost_usd": 188.09126475
    },
    "review#3": {
      "tokens": 11015754,
      "cost_usd": 17.406042749999997
    }
  }
}
