{
  "event_type": "token_usage",
  "schema_version": 1,
  "repo": "agent-plugins",
  "branch": "main",
  "sha": null,
  "user": "Jerrod Blavos",
  "user_email": "jblavos@arqu.co",
  "timestamp": "2026-03-31T20:42:51.857Z",
  "session_id": "f2e8db5a-01ad-43bb-aa46-dbab074e21c6",
  "pr_number": null,
  "pr_url": null,
  "models_seen": [
    "claude-opus-4-6"
  ],
  "session_total": {
    "input": 29329,
    "output": 542667,
    "cache_read": 818252686,
    "cache_create": 11815976,
    "est_cost_usd": 1490.0685389999999
  },
  "phases": {
    "pre-rq": {
      "tokens": 125918965,
      "cost_usd": 282.121212
    },
    "ship#1": {
      "tokens": 17288639,
      "cost_usd": 27.2148435
    },
    "ship#2": {
      "tokens": 48703442,
      "cost_usd": 97.26862125
    },
    "review#1": {
      "tokens": 114866713,
      "cost_usd": 180.42521775
    },
    "ship#3": {
      "tokens": 223616961,
      "cost_usd": 371.08365975
    },
    "brainstorm": {
      "tokens": 122059458,
      "cost_usd": 191.89947675000002
    },
    "review#2": {
      "tokens": 0,
      "cost_usd": null
    },
    "review#3": {
      "tokens": 0,
      "cost_usd": null
    },
    "review#4": {
      "tokens": 117076230,
      "cost_usd": 225.6243405
    },
    "review#5": {
      "tokens": 48696364,
      "cost_usd": 78.14223675000001
    },
    "ship#4": {
      "tokens": 12413886,
      "cost_usd": 36.28893075
    }
  }
}
